battery_voltage,battery_current,battery_power_kw,soc,battery_temp,ambient_temp,charge_cycles,fast_charge_count,total_distance_km,trip_distance_km,avg_speed_kmh,max_speed_kmh,acceleration_ms2,regenerative_energy_kwh,energy_consumption_kwh_100km,motor_temp,inverter_temp,charging_duration_min,cell_voltage_std,internal_resistance,battery_age_days,humidity,remaining_range_km,rul_cycles,battery_age_years,fast_charge_ratio,battery_stress_index,temperature_difference,avg_distance_per_cycle,power_to_voltage_ratio,range_per_soc
398,120,47.8,95,29,26,120,25,15000,45,58,112,2.8,3.2,14.5,45,41,38,0.018,0.022,365,52,420,1800,1.0,0.21,0.18,3,125,0.12,4.42
395,135,53.3,88,31,27,250,60,28000,60,62,120,3.1,3.8,15.2,48,43,40,0.019,0.024,730,55,380,1650,2.0,0.24,0.24,4,112,0.13,4.32
390,140,54.6,82,34,29,420,90,45000,70,65,125,3.3,4.1,16.0,50,46,42,0.021,0.028,1095,58,340,1450,3.0,0.21,0.31,5,107,0.14,4.15
385,145,55.8,76,36,30,600,130,62000,80,68,130,3.5,4.4,16.8,53,48,44,0.022,0.032,1460,60,300,1200,4.0,0.22,0.40,6,103,0.15,4.05
380,150,57.0,70,39,32,820,180,85000,90,70,135,3.8,4.7,17.5,56,50,46,0.024,0.036,1825,62,260,950,5.0,0.22,0.51,7,104,0.15,3.95
375,155,58.1,65,41,34,980,230,100000,100,72,138,4.0,5.0,18.2,58,52,48,0.025,0.041,2190,64,220,700,6.0,0.23,0.60,7,102,0.15,3.85
370,160,59.2,58,43,35,1150,280,120000,110,74,140,4.2,5.2,18.8,60,54,50,0.027,0.045,2555,66,180,520,7.0,0.24,0.70,8,104,0.16,3.75
365,165,60.2,50,45,36,1350,340,145000,120,75,142,4.4,5.5,19.4,63,56,52,0.029,0.050,2920,68,150,350,8.0,0.25,0.82,9,107,0.17,3.65
360,170,61.2,42,47,38,1550,400,170000,130,76,145,4.6,5.8,20.1,66,59,54,0.031,0.056,3285,70,110,180,9.0,0.26,0.91,9,110,0.17,3.55
355,175,62.1,35,49,39,1800,480,200000,150,78,150,4.8,6.1,21.0,69,62,56,0.034,0.062,3650,72,80,80,10.0,0.27,0.98,10,111,0.18,3.45