,battery_voltage,battery_current,battery_power_kw,soc,battery_temp,ambient_temp,charge_cycles,fast_charge_count,total_distance_km,trip_distance_km,avg_speed_kmh,max_speed_kmh,acceleration_ms2,regenerative_energy_kwh,energy_consumption_kwh_100km,motor_temp,inverter_temp,charging_duration_min,cell_voltage_std,internal_resistance,battery_age_days,humidity,soh,remaining_range_km,rul_cycles
battery_voltage,1.0,0.019214020440294573,0.01598577359779107,-0.002349248015169344,-0.01113268781915699,-0.0077078875692288655,-0.01397616433325791,-0.0020469873035127125,0.007310911137354159,0.008734798897634262,0.017511548287545045,0.007816703801711412,0.0031696702292712035,0.016993774981830828,0.010163045347785664,-0.012897952441186512,-0.009937038357668732,0.03885320191274225,-0.017641433501434316,-0.008704435402413996,0.002308832461924621,-0.004767430012718557,0.013295313548388992,0.006668497719483024,0.01196781074419968
battery_current,0.019214020440294573,1.0,0.9974846093867775,0.014510568098627578,-0.024580200409857034,-0.02690961150813569,-0.00026879784585078046,0.018243852599520022,-0.004210876619491839,0.0018380310336899783,0.005818955837435589,0.0036058763634596617,-0.016500416777117,0.028568318997217703,-0.004831750847310841,-0.029695268843344124,-0.025667329472793356,-0.0134658838765311,-0.007653384230053143,-0.00017669235558553665,-0.01208735076429391,0.0033177896199314536,-0.0005437303070047062,0.022249427677175568,-0.0019911126134782003
battery_power_kw,0.01598577359779107,0.9974846093867775,1.0,0.015043383487087642,-0.023685183662986168,-0.02623822351574854,0.0004614547074883174,0.018013356069573227,-0.0035595985267649452,0.002505580032626206,0.007071947881198641,0.0048579640617784315,-0.016917716054788125,0.027705433000017453,-0.003862955595375054,-0.02890515194718725,-0.024866852838614922,-0.011955974644348322,-0.007172190678204364,0.00030902905083245375,-0.012304088626526077,0.004022697538080999,-0.0008738401033217834,0.022644323331751443,-0.0023840648590498573
soc,-0.002349248015169344,0.014510568098627578,0.015043383487087642,1.0,0.021755117688994435,0.01835904269831052,0.007687831054391602,-0.00906678113738904,0.007264277667460119,-0.025106636012515567,-0.002576424153287284,0.004067702481474471,-0.03312822092389377,0.015687016531269082,0.008178478924189695,0.020011628518843434,0.021775736232133677,-0.008136898501077978,0.01198445850501056,0.004146507918056821,0.007947313338974535,0.020067247175887367,-0.006096229684368361,0.9304584186479736,-0.00508755288642301
battery_temp,-0.01113268781915699,-0.024580200409857034,-0.023685183662986168,0.021755117688994435,1.0,0.9385655655130873,-0.018278400413538017,-0.006787822625567314,-0.006626467996711356,-0.02483345669802279,0.0006047142799640829,-0.0022394220435448856,-0.0028791945929990724,-0.010767483763290363,-0.013665602167224032,0.9459726575523952,0.965354660106296,-0.014154044120721,-0.011584009446740241,-0.01211111597550045,0.002898030106714572,0.02004766733493738,-0.05325472997670767,0.015515703986507015,-0.055595825359050104
ambient_temp,-0.0077078875692288655,-0.02690961150813569,-0.02623822351574854,0.01835904269831052,0.9385655655130873,1.0,-0.01999710812618271,-0.009389650939818915,-0.005529306445365878,-0.02210072580367075,-0.0030695393802340825,-0.004588360437720344,-0.005326903052623469,0.000423698525156687,-0.004354520817871226,0.8883289476285997,0.9078663043727379,-0.01987536591852281,-0.012085819935985053,-0.010990789232705347,0.004245603285569204,0.01648302431723842,-0.042867048798222604,0.015962345225772237,-0.045390654356169596
charge_cycles,-0.01397616433325791,-0.00026879784585078046,0.0004614547074883174,0.007687831054391602,-0.018278400413538017,-0.01999710812618271,1.0,0.666562725004424,0.016471010106137718,0.014462686687112824,-0.015055758360869413,-0.0021017713785345944,-0.010109610173418195,0.002821485851379299,-0.010610510802541164,-0.02051830049479511,-0.016651282977350988,0.023170953375953374,0.8719533208863319,0.9328324168078235,0.011885128719681155,0.005691900099808977,-0.9528559631202792,-0.1626756130954862,-0.9473565722194803
fast_charge_count,-0.0020469873035127125,0.018243852599520022,0.018013356069573227,-0.00906678113738904,-0.006787822625567314,-0.009389650939818915,0.666562725004424,1.0,-0.012038868886553833,0.008606078310066646,-0.0016007985487440425,0.007936850152828601,-0.0007711938072229342,0.004215259184609376,-0.002968222249727254,-0.010579521676288207,-0.003334625178706038,0.019037135995373468,0.5844070079086292,0.7421202774493322,-0.026036045453800963,0.0014387548495116839,-0.7908461224936123,-0.14510686300758302,-0.7864243265095499
total_distance_km,0.007310911137354159,-0.004210876619491839,-0.0035595985267649452,0.007264277667460119,-0.006626467996711356,-0.005529306445365878,0.016471010106137718,-0.012038868886553833,1.0,-0.009839311300882957,-0.026072114727266508,-0.021235981224572504,-0.006191112253662,0.00030026244515261505,0.009647168414535221,-0.001340345955425506,-0.0069505810192074195,0.013993850417622971,0.012461190828318048,0.008418599044731639,0.8188467963965355,0.00021520717263018185,-0.16301577214585897,-0.022900993495170528,-0.1645305373003345
trip_distance_km,0.008734798897634262,0.0018380310336899783,0.002505580032626206,-0.025106636012515567,-0.02483345669802279,-0.02210072580367075,0.014462686687112824,0.008606078310066646,-0.009839311300882957,1.0,-0.006325000235710736,-0.006639572258380455,-0.00075814137274939,0.02069085057939358,0.007892062112348464,-0.0245859247543224,-0.0254440276804139,-0.00016383442062779802,0.0036071031407347047,0.01103744509656444,-0.016894244036072176,-0.01167590033796077,-0.006794727729716558,-0.02946546498680304,-0.003891041999045209
avg_speed_kmh,0.017511548287545045,0.005818955837435589,0.007071947881198641,-0.002576424153287284,0.0006047142799640829,-0.0030695393802340825,-0.015055758360869413,-0.0016007985487440425,-0.026072114727266508,-0.006325000235710736,1.0,0.9086724018790001,0.0020437580563914515,-0.008323115436391264,-0.0013970349286307824,-0.010408134966381773,0.0073679600392684095,-0.018759418565470417,-0.02317095733548977,-0.0174934870908909,-0.022571868149539372,-0.016450976794553696,0.014867264793580356,0.007605263626906283,0.01277314166925727
max_speed_kmh,0.007816703801711412,0.0036058763634596617,0.0048579640617784315,0.004067702481474471,-0.0022394220435448856,-0.004588360437720344,-0.0021017713785345944,0.007936850152828601,-0.021235981224572504,-0.006639572258380455,0.9086724018790001,1.0,-0.00541077540411637,0.003387681468739566,0.004186818630412017,-0.011484373168307556,0.004778905134679277,-0.01612204138255651,-0.01353426880696102,-0.0021417345776665064,-0.01987574854873284,-0.014515323001225839,0.0018916107931246935,0.016547150905793367,0.00022919234731335437
acceleration_ms2,0.0031696702292712035,-0.016500416777117,-0.016917716054788125,-0.03312822092389377,-0.0028791945929990724,-0.005326903052623469,-0.010109610173418195,-0.0007711938072229342,-0.006191112253662,-0.00075814137274939,0.0020437580563914515,-0.00541077540411637,1.0,0.0038622058376015294,0.028381277511499894,-0.007470307692390126,-0.00548598502865652,-0.0008881954828319695,-0.010323426698923586,0.0028389240856076946,-0.007757635751060305,-0.022560318808904023,0.01042190613822319,-0.0251243137407339,0.008345767746628046
regenerative_energy_kwh,0.016993774981830828,0.028568318997217703,0.027705433000017453,0.015687016531269082,-0.010767483763290363,0.000423698525156687,0.002821485851379299,0.004215259184609376,0.00030026244515261505,0.02069085057939358,-0.008323115436391264,0.003387681468739566,0.0038622058376015294,1.0,-0.007595952442941894,-0.007797968316034307,-0.011529870860278383,-0.0020802232430646985,0.008213335625507754,-0.0008578790358909187,-0.0005118448661782366,-0.004733728544595165,-0.0019181280754017804,0.008727775973649661,-0.0019423718914178547
energy_consumption_kwh_100km,0.010163045347785664,-0.004831750847310841,-0.003862955595375054,0.008178478924189695,-0.013665602167224032,-0.004354520817871226,-0.010610510802541164,-0.002968222249727254,0.009647168414535221,0.007892062112348464,-0.0013970349286307824,0.004186818630412017,0.028381277511499894,-0.007595952442941894,1.0,-0.01439391420275388,-0.011745801567037218,-0.007415296154722357,-0.0025588692282290564,-0.009377568560730106,0.017735212599497847,0.01743298600037095,0.006890628921605783,0.005374687345178971,0.006226745165084892
motor_temp,-0.012897952441186512,-0.029695268843344124,-0.02890515194718725,0.020011628518843434,0.9459726575523952,0.8883289476285997,-0.02051830049479511,-0.010579521676288207,-0.001340345955425506,-0.0245859247543224,-0.010408134966381773,-0.011484373168307556,-0.007470307692390126,-0.007797968316034307,-0.01439391420275388,1.0,0.9134016159131232,-0.017346640681388477,-0.01251538434233792,-0.01208248153962206,0.007719191878701071,0.02307497794942858,-0.04718770727956769,0.01470157513250229,-0.04903344390157128
inverter_temp,-0.009937038357668732,-0.025667329472793356,-0.024866852838614922,0.021775736232133677,0.965354660106296,0.9078663043727379,-0.016651282977350988,-0.003334625178706038,-0.0069505810192074195,-0.0254440276804139,0.0073679600392684095,0.004778905134679277,-0.00548598502865652,-0.011529870860278383,-0.011745801567037218,0.9134016159131232,1.0,-0.013499043040091157,-0.010202454362530124,-0.008856527191846337,0.001830574033047352,0.019686020460317175,-0.052975251524615,0.016061050508261607,-0.05567136080904547
charging_duration_min,0.03885320191274225,-0.0134658838765311,-0.011955974644348322,-0.008136898501077978,-0.014154044120721,-0.01987536591852281,0.023170953375953374,0.019037135995373468,0.013993850417622971,-0.00016383442062779802,-0.018759418565470417,-0.01612204138255651,-0.0008881954828319695,-0.0020802232430646985,-0.007415296154722357,-0.017346640681388477,-0.013499043040091157,1.0,0.017078063054033803,0.019787232488493334,0.017489827426931757,-0.0003533862154470446,-0.024611030105154006,-0.02100717420048958,-0.02408195771366115
cell_voltage_std,-0.017641433501434316,-0.007653384230053143,-0.007172190678204364,0.01198445850501056,-0.011584009446740241,-0.012085819935985053,0.8719533208863319,0.5844070079086292,0.012461190828318048,0.0036071031407347047,-0.02317095733548977,-0.01353426880696102,-0.010323426698923586,0.008213335625507754,-0.0025588692282290564,-0.01251538434233792,-0.010202454362530124,0.017078063054033803,1.0,0.8137445001344037,0.006269421910535914,0.0033027524072648732,-0.8320135924027658,-0.13723126540594663,-0.8274816926127089
internal_resistance,-0.008704435402413996,-0.00017669235558553665,0.00030902905083245375,0.004146507918056821,-0.01211111597550045,-0.010990789232705347,0.9328324168078235,0.7421202774493322,0.008418599044731639,0.01103744509656444,-0.0174934870908909,-0.0021417345776665064,0.0028389240856076946,-0.0008578790358909187,-0.009377568560730106,-0.01208248153962206,-0.008856527191846337,0.019787232488493334,0.8137445001344037,1.0,-0.0008177756847322319,0.007004806712319772,-0.9213860686668965,-0.15871922000362074,-0.9160276889993413
battery_age_days,0.002308832461924621,-0.01208735076429391,-0.012304088626526077,0.007947313338974535,0.002898030106714572,0.004245603285569204,0.011885128719681155,-0.026036045453800963,0.8188467963965355,-0.016894244036072176,-0.022571868149539372,-0.01987574854873284,-0.007757635751060305,-0.0005118448661782366,0.017735212599497847,0.007719191878701071,0.001830574033047352,0.017489827426931757,0.006269421910535914,-0.0008177756847322319,1.0,-0.0008739468248355205,-0.19045090794660313,-0.027588972186186556,-0.19060171063259784
humidity,-0.004767430012718557,0.0033177896199314536,0.004022697538080999,0.020067247175887367,0.02004766733493738,0.01648302431723842,0.005691900099808977,0.0014387548495116839,0.00021520717263018185,-0.01167590033796077,-0.016450976794553696,-0.014515323001225839,-0.022560318808904023,-0.004733728544595165,0.01743298600037095,0.02307497794942858,0.019686020460317175,-0.0003533862154470446,0.0033027524072648732,0.007004806712319772,-0.0008739468248355205,1.0,-0.006727009071975701,0.018102380000596545,-0.008250974861163276
soh,0.013295313548388992,-0.0005437303070047062,-0.0008738401033217834,-0.006096229684368361,-0.05325472997670767,-0.042867048798222604,-0.9528559631202792,-0.7908461224936123,-0.16301577214585897,-0.006794727729716558,0.014867264793580356,0.0018916107931246935,0.01042190613822319,-0.0019181280754017804,0.006890628921605783,-0.04718770727956769,-0.052975251524615,-0.024611030105154006,-0.8320135924027658,-0.9213860686668965,-0.19045090794660313,-0.006727009071975701,1.0,0.17068461716255562,0.9947309129459182
remaining_range_km,0.006668497719483024,0.022249427677175568,0.022644323331751443,0.9304584186479736,0.015515703986507015,0.015962345225772237,-0.1626756130954862,-0.14510686300758302,-0.022900993495170528,-0.02946546498680304,0.007605263626906283,0.016547150905793367,-0.0251243137407339,0.008727775973649661,0.005374687345178971,0.01470157513250229,0.016061050508261607,-0.02100717420048958,-0.13723126540594663,-0.15871922000362074,-0.027588972186186556,0.018102380000596545,0.17068461716255562,1.0,0.1709176499931515
rul_cycles,0.01196781074419968,-0.0019911126134782003,-0.0023840648590498573,-0.00508755288642301,-0.055595825359050104,-0.045390654356169596,-0.9473565722194803,-0.7864243265095499,-0.1645305373003345,-0.003891041999045209,0.01277314166925727,0.00022919234731335437,0.008345767746628046,-0.0019423718914178547,0.006226745165084892,-0.04903344390157128,-0.05567136080904547,-0.02408195771366115,-0.8274816926127089,-0.9160276889993413,-0.19060171063259784,-0.008250974861163276,0.9947309129459182,0.1709176499931515,1.0
