,soh
soh,1.0
rul_cycles,0.9947309129459182
remaining_range_km,0.17068461716255562
avg_speed_kmh,0.014867264793580356
battery_voltage,0.013295313548388992
acceleration_ms2,0.01042190613822319
energy_consumption_kwh_100km,0.006890628921605783
max_speed_kmh,0.0018916107931246935
battery_current,-0.0005437303070047062
battery_power_kw,-0.0008738401033217834
regenerative_energy_kwh,-0.0019181280754017804
soc,-0.006096229684368361
humidity,-0.006727009071975701
trip_distance_km,-0.006794727729716558
charging_duration_min,-0.024611030105154006
ambient_temp,-0.042867048798222604
motor_temp,-0.04718770727956769
inverter_temp,-0.052975251524615
battery_temp,-0.05325472997670767
total_distance_km,-0.16301577214585897
battery_age_days,-0.19045090794660313
fast_charge_count,-0.7908461224936123
cell_voltage_std,-0.8320135924027658
internal_resistance,-0.9213860686668965
charge_cycles,-0.9528559631202792
