,Missing Values,Percentage
vehicle_id,0,0.0
timestamp,0,0.0
battery_voltage,0,0.0
battery_current,0,0.0
battery_power_kw,0,0.0
soc,0,0.0
battery_temp,0,0.0
ambient_temp,0,0.0
charge_cycles,0,0.0
fast_charge_count,0,0.0
total_distance_km,0,0.0
trip_distance_km,0,0.0
avg_speed_kmh,0,0.0
max_speed_kmh,0,0.0
acceleration_ms2,0,0.0
regenerative_energy_kwh,0,0.0
energy_consumption_kwh_100km,0,0.0
motor_temp,0,0.0
inverter_temp,0,0.0
charger_type,0,0.0
charging_duration_min,0,0.0
cell_voltage_std,0,0.0
internal_resistance,0,0.0
battery_age_days,0,0.0
humidity,0,0.0
soh,0,0.0
remaining_range_km,0,0.0
rul_cycles,0,0.0
battery_failure_risk,0,0.0
