,vehicle_id,timestamp,battery_voltage,battery_current,battery_power_kw,soc,battery_temp,ambient_temp,charge_cycles,fast_charge_count,total_distance_km,trip_distance_km,avg_speed_kmh,max_speed_kmh,acceleration_ms2,regenerative_energy_kwh,energy_consumption_kwh_100km,motor_temp,inverter_temp,charger_type,charging_duration_min,cell_voltage_std,internal_resistance,battery_age_days,humidity,soh,remaining_range_km,rul_cycles,battery_failure_risk
count,5000,5000,5000.0,5000.0,5000.0,5000.0,5000.0,5000.0,5000.0,5000.0,5000.0,5000.0,5000.0,5000.0,5000.0,5000.0,5000.0,5000.0,5000.0,5000,5000.0,5000.0,5000.0,5000.0,5000.0,5000.0,5000.0,5000.0,5000
unique,300,5000,,,,,,,,,,,,,,,,,,2,,,,,,,,,3
top,EV000182,2026-01-01 08:10:00,,,,,,,,,,,,,,,,,,AC,,,,,,,,,High
freq,27,1,,,,,,,,,,,,,,,,,,2505,,,,,,,,,1884
mean,,,364.711504,-3.2155280000000004,-1.108916,52.27415,28.666228000000004,16.012316,904.2446,277.3176,92232.6344,126.71576,67.60316,102.45018,2.382604,3.9943440000000003,18.445662,41.100884,37.550654,,96.9696,0.00762158,0.004909712,1841.4824,58.11,83.208102,207.2595,1275.6766,
std,,,26.001938525798494,127.60931103165477,46.6496852620889,27.52210642785078,12.73429316674103,14.987370802541006,518.0900310051193,238.9496451489798,63459.17331130833,72.24066698484783,30.51651122762727,33.963632809791235,1.2564453629879953,2.3000296861074196,3.7707886139520235,13.419793802875153,13.137392988382064,,47.289296160402614,0.0023688013229356125,0.0013368675327107033,1041.206172738651,21.549860586515628,8.195753203440812,116.13700796332637,453.5356428422199,
min,,,320.0,-219.95,-89.82,5.0,15.0,-9.99,0.0,0.0,793.2,1.0,15.0,27.5,0.2,0.0,12.01,20.01,18.0,,15.0,0.00204,0.00209,30.0,20.0,62.6,40.0,116.0,
25%,,,342.2,-113.96000000000001,-41.5625,28.005000000000003,15.0,3.0999999999999996,463.75,79.0,41182.35,63.6,41.2,76.375,1.27,1.99,15.12,30.0875,26.1,,56.0,0.00582,0.0038,945.75,39.6,76.7,108.7,914.0,
50%,,,364.34000000000003,-3.435,-1.18,52.230000000000004,26.595,16.155,899.0,214.0,80337.95000000001,129.64999999999998,68.1,102.05,2.4,4.01,18.525,39.035,35.54,,96.0,0.00761,0.00488,1841.5,58.150000000000006,83.48,200.7,1289.0,
75%,,,387.28999999999996,106.62,38.8225,76.2025,39.1725,29.09,1360.0,427.0,134517.675,188.4,94.225,129.3,3.49,5.96,21.76,51.7825,48.162499999999994,,138.0,0.00942,0.0059724999999999995,2739.5,76.9,89.8725,293.95,1648.0,
max,,,409.98,219.92,89.59,100.0,59.69,41.97,1800.0,1055.0,286292.0,250.0,120.0,179.5,4.5,8.0,25.0,76.33,72.47,,180.0,0.01316,0.00827,3650.0,95.0,100.0,563.3,2214.0,
